,Scores,Loss,Episode length
0,-604.7927193371902,733.7686614990234,80
1,-399.51591532679294,9250.179061889648,79
2,-832.1956778266415,15900.14712524414,150
3,-550.4570646044704,5607.7902908325195,60
4,-425.6076624097787,11181.297973632812,70
5,-552.8767397234863,9107.685779571533,71
6,-230.40693526336187,10778.610382080078,87
7,-268.80677538307026,6015.271434783936,55
8,-301.62382288362096,13477.740463256836,91
9,-254.96150630113868,5548.927438735962,67
10,-323.6840113719172,9476.755254745483,67
11,-208.54058419793506,11713.482774734497,67
12,-268.8794908616793,9851.05337715149,60
13,-521.8208688821368,10485.819009780884,66
14,-495.64789253041454,5366.130640029907,61
15,-431.57123627906117,9822.2421875,56
16,-98.94838304001439,11632.072761535645,64
17,-89.68438832192793,5881.993259429932,86
18,-286.3571451831049,12872.030235290527,98
19,-237.51353884273692,9687.28335571289,68
20,-555.3399954030342,9958.146881103516,80
21,-554.6699814179378,9350.768287658691,87
22,-463.7746697530477,13374.07703781128,86
23,-445.3432119272908,6360.12109375,53
24,-441.3382152708799,7424.154544830322,54
25,-215.13285167726966,8172.4569664001465,56
26,-145.64098597979938,11116.201137542725,57
27,-231.68788493292448,11740.990350723267,70
28,-258.0252829694784,6023.3745765686035,61
29,-178.60071282120347,13334.769788742065,85
30,-300.10191830083716,12611.225296020508,81
31,-292.9622009685562,8440.329368591309,83
32,-219.73203141967886,5108.965402603149,57
33,-23.694249940261912,9851.420747756958,89
34,-139.33555353409105,11528.934185028076,89
35,-160.4770561754571,6036.411020278931,78
36,-141.23073570594386,5484.161256790161,62
37,-189.91595905846822,12995.103928565979,73
38,-151.34383257494258,10058.664317131042,67
39,-287.8814012573441,9877.558725357056,68
40,-302.68220092306865,9902.813793182373,90
41,-493.47077741112014,10222.049699783325,90
42,-465.12229784375404,8320.179770469666,62
43,-283.2550266791229,12726.720690727234,78
44,-229.15203832036858,8170.033447265625,54
45,-269.1945410494742,4189.658422470093,52
46,-314.8238102033947,10074.479719161987,66
47,-210.01884586536454,15548.083801269531,82
48,-232.10415763753005,9754.396913528442,82
49,-198.78616901096416,6696.95818901062,68
50,-2.558601859816889,7685.490854740143,61
51,-160.49183241058913,10754.590499401093,76
52,-160.09000398202434,10180.237609863281,61
53,-196.8352518067423,7635.878099441528,56
54,-116.23189320249983,12067.345603942871,89
55,-223.6060871259071,10236.302951812744,93
56,-10.745352968831767,5705.847723007202,80
57,-249.3151300868249,9828.484226226807,76
58,-250.07813197226866,9856.030801773071,64
59,-276.5675047265648,10828.653701782227,75
60,-419.58276641960686,8561.66053199768,85
61,-244.02336890208497,11576.696228027344,85
62,-144.62104033902492,12211.51475906372,85
63,-190.96968926965374,6334.912677764893,51
64,-266.44589168699497,8190.659173965454,55
65,-297.5245207660482,4746.900724411011,61
66,-200.3451373142285,9285.22543144226,58
67,-295.49231743195674,5875.261951446533,72
68,-197.43774998128933,6054.999331474304,65
69,-137.31821331990815,9808.433586120605,53
70,-320.7978725887904,10999.187501907349,90
71,-162.86285761927743,9590.847224235535,80
72,-65.78082595212163,15194.206025123596,104
73,-153.3440643843134,4424.486083984375,49
74,-210.824043277629,8778.559201717377,75
75,-170.48408761140996,11202.122141361237,73
76,-166.76426136178276,6506.426507949829,61
77,-280.48745427658946,8425.08152961731,58
78,-154.37235304391518,11397.367283821106,62
79,-267.5096397930457,11957.082891464233,81
80,-0.02422251844242851,14187.945622444153,101
81,-151.6982767801664,10023.540300369263,74
82,-194.01764610711757,9169.091863632202,83
83,-264.0691737628052,16832.161026000977,95
84,-177.27509040550376,5624.7084884643555,59
85,-114.89148890340172,9605.308166503906,91
86,-131.11576899394336,11639.878740310669,73
87,-166.09634241927097,6601.951955795288,66
88,-129.1779611805352,15892.419101715088,87
89,-88.12414725940559,8117.203124046326,67
90,-136.53257092363927,5340.015730857849,80
91,-156.9336006243555,6276.154218673706,56
92,-131.7918356905195,7464.622861862183,58
93,-131.72259987153467,8431.937042236328,56
94,-394.46265734639366,11340.456805229187,89
95,-393.3111831439032,11008.908466339111,74
96,-139.70149107757106,9872.576725006104,71
97,-185.27985232111502,8503.648992538452,76
98,-164.37519942995164,13469.211641311646,87
99,-164.41502769215194,5266.597266197205,59
100,-299.12024290030564,6002.185592651367,60
101,-281.0548657179958,7737.352933883667,71
102,-297.99238361531616,8699.06074142456,76
103,-342.2124515019714,10443.203565120697,84
104,-250.30430471979338,8946.000876426697,81
105,-159.1621974600732,7324.418126106262,79
106,-129.51561844510204,11620.94510269165,82
107,-150.01659228867035,6522.835922241211,64
108,-149.49534872893307,11378.101594924927,87
109,-154.80053353277884,6003.664270401001,65
110,41.01522899827967,9760.513317108154,67
111,-112.76604935178182,9223.80311012268,87
112,-154.21933144178476,7614.610343456268,68
113,-100.27890396578678,9558.126120090485,88
114,-162.2599630224064,8582.18115234375,79
115,-173.74855005856733,9824.08990764618,65
116,-153.9338291927846,6782.761476516724,61
117,-143.02109152354444,7439.74834728241,64
118,-129.65038874127598,7622.829238891602,55
119,-141.7295590958252,11721.158741950989,89
120,-152.95428200372788,5560.088393211365,73
121,-143.46907333935627,8491.913688659668,80
122,-163.53618250022944,15226.298225402832,86
123,-142.46565230425918,7908.628171920776,70
124,-103.78549628802872,4858.1768498420715,58
125,-101.32036623366913,4667.080365657806,52
126,-131.33302726730022,7425.038912773132,66
127,-116.13790865229265,9543.637088775635,74
128,-135.86883256362867,6646.675946235657,65
129,-121.46023458679062,6458.022647857666,65
130,-107.90917235287061,10569.568830490112,85
131,-121.63003125794789,8314.033371925354,72
132,-96.29660644610418,7739.822281837463,82
133,-99.57678407843233,11552.258527755737,80
134,-53.09966624484787,8681.707429885864,67
135,-24.962270900089763,8082.211393356323,93
136,-90.50095248722623,9542.399536132812,69
137,-72.94524274690997,5927.741912841797,71
138,-90.45380920901655,12835.708101272583,89
139,-82.29482958354714,7537.793878555298,63
140,-78.54547635172736,6641.673931121826,56
141,-95.52326548434709,9710.952131271362,94
142,-89.03563459125117,8044.029865264893,67
143,-45.131467559624326,5369.221570968628,94
144,-77.9093257103663,7177.082599639893,57
145,0.6264848027367407,9651.208387374878,86
146,-88.44428429125313,5257.85600566864,52
147,-65.00822018439759,11184.957653999329,87
148,-104.54292631591164,10502.953827857971,103
149,12.796932881843219,11914.610591888428,104
150,-8.946099121886192,10094.312045097351,84
151,-150.19878332051766,8065.169392585754,85
152,-112.58498910328066,7958.46396446228,86
153,-46.872161243128346,7223.291815876961,86
154,150.71313896703987,26471.74319112301,286
155,-125.11218473729957,19957.14373111725,163
156,-130.17018788068026,36664.79724025726,414
157,-99.77054042132794,8229.963472366333,76
158,-80.63879784132016,11208.849678993225,123
159,-60.99750760422431,3201.603653907776,61
160,-64.9939699974403,8294.690242767334,95
161,-40.917817311729756,6318.315782546997,63
162,-344.81108018658716,8959.977169036865,101
163,-143.74795704583974,9437.543012619019,61
164,-175.7208728364024,8794.739910125732,64
165,-268.40374961616675,9368.8382396698,106
166,-363.3793175677798,10743.23197555542,94
167,-387.65679897923036,13382.373373031616,114
168,-136.8978611907719,6522.793170928955,59
169,-110.39574722200835,7159.265048980713,56
170,-237.06651644918261,14116.182576179504,133
171,-180.51562546327474,12062.689767837524,172
172,-475.83880070195704,12579.067655563354,125
173,-168.71231094714432,3100.6123366355896,60
174,-276.09999004047745,10847.658564090729,138
175,-281.6545453229867,15769.168047904968,241
176,-560.3202124575903,9337.137968063354,105
177,3.080582206673668,8854.985345840454,98
178,-181.0109589336676,18578.12922477722,251
179,-141.9746644223565,6531.405626296997,96
180,117.91910230633559,29725.949442863464,411
181,-190.81495278838867,5351.8512840271,65
182,-46.09672292422407,5985.596852302551,99
183,-63.74504911545812,8915.102001190186,87
184,-300.6041282151436,4569.399295806885,74
185,-123.70594235109456,8587.361568450928,110
186,-362.14044943857215,3652.672649383545,61
187,-108.25908080300155,7874.221541404724,114
188,-100.28637165016563,7202.76030254364,112
189,-34.48030688324776,9641.037207603455,185
190,-137.7035162995832,15174.27788066864,223
191,-168.82995787627084,10894.509044647217,149
192,-325.33913174537315,8484.619577407837,137
193,-234.13309956212981,12277.572518348694,157
194,-372.2582619149075,14615.208812713623,192
195,-483.87229968825477,10453.212546348572,170
196,-476.83480650635727,7809.876678466797,181
197,-297.1261473994996,10069.270742893219,150
198,-402.3959537621305,9725.268643379211,173
199,-753.1796998939056,4496.672598838806,83
200,-473.8440635084292,2003.6985692977905,63
201,-496.6927004233953,2872.441198348999,73
202,-183.721353530834,5734.564477920532,110
203,-319.6577323085919,7732.3194217681885,136
204,-398.03952945918184,7353.983918190002,134
205,-312.00965910586376,27699.657623291016,463
206,-443.39908131148053,13924.933101654053,238
207,-318.01062532750586,18129.02288722992,358
208,-321.4652681212838,16806.22408390045,278
209,-150.4744244673973,13161.03083229065,212
210,-238.7612810327261,6100.722086906433,157
211,-291.56338956443915,26964.198395729065,448
212,-163.4309206313385,14171.516889572144,279
213,-400.3390408723608,17848.05741405487,335
214,-516.8038185340156,6981.731553077698,204
215,-147.73789150535862,15754.07996749878,317
216,-527.4436750000357,25653.2307472229,584
217,-174.64817879280304,18195.419180870056,458
218,-305.5039965466517,10359.043310165405,270
219,-162.6048323619066,8557.037474155426,259
220,-215.93614352588565,7904.573595046997,122
221,-223.11211796340274,16109.25401210785,358
222,-220.88326047440188,6380.274847984314,198
223,-202.28440877118106,8749.429870128632,210
224,-308.10056511831885,9875.778189659119,210
225,-164.40461540003741,5829.540273189545,126
226,-136.47332160572054,7806.511488437653,164
227,-217.92480217389186,4501.536655426025,155
228,-231.2826893000549,11151.518964767456,284
229,-185.16348832017204,11094.919151306152,289
230,-178.4901569370544,4208.164642333984,126
231,-308.83626812350406,4579.59961605072,167
232,-225.65398886886965,8765.804497718811,238
233,-245.47171364960892,15121.958142757416,354
234,-321.00292085001513,10107.076766490936,170
235,-285.52448583519356,4586.038689613342,171
236,-142.82679063237032,4932.810881614685,129
237,-213.39226195741395,5189.561817169189,144
238,-139.7064575237931,7529.932043552399,163
239,-174.65579314658595,5628.600654125214,173
240,-119.52422836139462,6354.498913764954,157
241,-168.84281325869347,10341.091709136963,199
242,-213.4086888028746,13947.803668022156,432
243,-191.14115034421954,7702.9226450920105,197
244,-185.35474514913284,3036.7735328674316,153
245,-152.18159169146634,4863.832404136658,93
246,-206.64402865423534,4440.937964439392,147
247,-163.80047904893559,4789.958002090454,108
248,-191.32940357468738,7730.127547264099,232
249,-173.12397904770773,2321.152275085449,140
250,-289.4194851793818,2100.3500022888184,106
251,-148.53036031188066,3368.914716720581,127
252,-203.59322030795425,4024.896721839905,127
253,-157.47448972645577,4935.814324378967,161
254,-220.07913017000462,10140.789820671082,389
255,-214.93160300962302,9717.074726104736,225
256,-91.53549839503546,2749.456238746643,122
257,-178.87198638641664,3810.808060646057,109
258,-164.06760959893376,3813.7539558410645,134
259,-171.65989648413392,3464.686577796936,148
260,-142.6884975123776,4445.6870856285095,135
261,-173.54234161927909,4820.795967578888,147
262,-210.70979984190566,3764.4332523345947,126
263,-53.37918345503596,3457.9005794525146,134
264,-192.80759945230744,6875.128785610199,147
265,-128.7541896661977,2480.7798614501953,83
266,-172.19970561577503,6600.346167564392,252
267,-151.69688034768882,4330.076020240784,113
268,-155.75473296755752,6969.993444442749,151
269,-94.01731885972801,3463.880521774292,132
270,-185.6444969495124,5751.416403770447,146
271,-89.50664265252884,4210.39869594574,139
272,-75.72117480350222,2317.8686990737915,102
273,-178.6513561509792,3142.437876224518,106
274,-179.88973785824794,5301.928007602692,179
275,-218.91268688872103,4577.86821937561,139
276,-227.93607073122112,8270.75516796112,303
277,-215.91408494835872,3914.2346754074097,146
278,-323.37152296001204,26944.21201992035,867
279,-161.1857890117906,4473.510398387909,180
280,-129.28256018500107,6454.978315830231,188
281,-103.32042543648316,11097.578822135925,310
282,-33.07515075260987,10271.96127128601,221
283,-154.42711397145126,10045.379829406738,323
284,-172.6547252921693,4216.35825920105,173
285,-161.91725150057255,7425.200226306915,165
286,-128.3329926526258,8974.705524921417,263
287,-161.55333600269938,5285.04462146759,149
288,-232.48882894811553,4977.621790409088,154
289,-166.15019510177657,4873.03843164444,172
290,-184.25829575610376,7242.476031780243,268
291,-218.8484109008994,3833.7427735328674,158
292,-208.18033283401212,9916.71174621582,304
293,-112.53941044128854,2866.9238901138306,147
294,-140.28771457808304,4544.202404260635,139
295,-129.981988506346,10892.807861089706,257
296,-149.40644769698912,6156.011168479919,242
297,-151.1266867758099,4487.83447933197,138
298,-130.4273028676533,4572.026633262634,143
299,-68.62839612946016,6495.393141746521,152
300,-92.01332395383369,13865.366322517395,353
301,-127.92461031961398,8783.880673408508,239
302,-174.64334704195653,6069.25711107254,189
303,-161.58665535619514,6056.567992210388,188
304,-192.78720366619172,3129.4800033569336,147
305,-194.08093589594486,6763.753260135651,222
306,-167.0524454703321,4111.697338104248,144
307,-62.1471132107079,2711.4111919403076,104
308,-191.70983343415872,2694.708948612213,141
309,-144.736939579897,4377.313025474548,132
310,-187.6755200733445,12127.374355316162,367
311,-166.5313126548229,9067.594210624695,339
312,-185.93713242323022,6975.321001052856,252
313,-184.34215263544456,9465.77782535553,298
314,-148.9619242152224,32299.864407539368,1000
315,-170.4193344969222,3314.7791538238525,147
316,-142.5050059677173,10545.029808998108,390
317,-95.41306039562993,6321.304265022278,131
318,-235.67063536325998,12803.793412208557,549
319,-175.1435130440092,27228.279479026794,1000
320,-145.9059098908211,39055.807282447815,1000
321,-111.81160567295508,29436.390331745148,1000
322,-160.08735783810673,28090.773928642273,1000
323,-123.82632160693716,26762.534686088562,1000
324,-145.7468999081422,31665.693840026855,1000
325,-121.7315037700047,29131.63155055046,1000
326,-77.88775449494753,19328.445838689804,1000
327,-115.68378651068872,23739.16950893402,1000
328,-86.6129195101125,28470.01978111267,1000
329,-63.673716042432716,27341.611410856247,1000
330,-66.46454834102644,31017.041792869568,1000
331,-123.59797347339243,23136.02871966362,1000
332,-101.57859665343425,20391.802437782288,1000
333,-93.77271861996084,25123.694483041763,1000
334,-94.52691214357773,21923.69994187355,1000
335,-65.22875256026816,10888.340468883514,446
336,-108.4678760326093,21000.205703258514,1000
337,-109.82418829683678,25894.67998445034,1000
338,-121.08007865007914,19818.815297484398,1000
339,-96.32459922412427,24154.001260519028,1000
340,-96.34288502080898,27035.612320899963,1000
341,-97.79039701460871,23159.77866268158,1000
342,-98.68710145943163,22868.633500933647,1000
343,-95.01946561993935,25068.720953583717,1000
344,-72.54926818112493,22245.305247306824,1000
345,-32.118030899847966,13814.62226676941,1000
346,-108.78615264694825,21276.728178739548,1000
347,-68.36112525003858,15394.773157835007,1000
348,-112.49811604646888,23279.531470775604,1000
349,-116.40594877902126,15260.944526195526,1000
350,-96.39646079189481,16209.593783378601,1000
351,-64.02048806071593,22603.747183084488,1000
352,-92.17818971689745,18803.94873857498,1000
353,-53.44715345483894,18338.962096214294,1000
354,-132.77386199724697,15806.13751077652,1000
355,-135.5844332458293,14837.58366394043,1000
356,-66.59858526247866,14590.520939826965,1000
357,-82.89533474666119,18388.429341077805,1000
358,-62.86937956406008,22109.06291079521,1000
359,-119.73622601977682,19290.945395946503,1000
360,-108.63823289878827,17787.873155593872,1000
361,-66.02256976453752,13622.050829410553,1000
362,-99.51059608642721,16563.48287820816,1000
363,-77.66806931859935,19004.53770494461,1000
364,-48.816912622998736,15714.815828323364,1000
365,-100.99169176483743,16594.018038272858,1000
366,-86.02792716797015,14790.043842077255,1000
367,-71.89496748296308,14961.787133455276,1000
368,-88.4475805612941,18623.683382987976,1000
369,-56.948222954386495,21230.22557783127,1000
370,-23.314533287889557,18981.774832725525,1000
371,-85.47687257870452,14164.314717769623,1000
372,-94.74442259343498,16590.094516277313,1000
373,-45.08954115744889,19124.154418230057,1000
374,-20.473856798454026,17771.507336616516,1000
375,-46.09259027446083,19816.65242266655,1000
376,-113.8474822003917,13082.033024311066,1000
377,-114.74972606769289,15512.46489572525,1000
378,-52.25133696407505,17039.495876312256,1000
379,-121.2442904994041,13411.595687150955,1000
380,-75.91409848720693,9658.639551401138,1000
381,-54.44167605531453,7288.424043178558,1000
382,-93.61803011571608,10936.66230893135,1000
383,-26.169991876457747,7198.043701052666,1000
384,-56.98625348592299,8114.917911052704,1000
385,-51.70825433638309,11931.38456094265,1000
386,-90.4617454606439,8135.613285422325,1000
387,-78.5503388630554,10539.466053247452,1000
388,-29.61352544780299,11232.73471903801,1000
389,-49.8550997491057,7223.488789200783,1000
390,-101.53658473387944,14178.750109910965,1000
391,-85.32584344983553,7328.930899143219,1000
392,-58.899162667969904,6691.03781580925,1000
393,-37.436331430038194,5028.919980168343,1000
394,-44.130528528537134,5693.462523818016,1000
395,-96.23614209925952,5890.03152680397,1000
396,-31.526957190987932,8417.100658416748,1000
397,-116.64353451889971,3962.7389290332794,1000
398,-98.17137370988807,3915.095848798752,1000
399,-94.35728042099673,4837.249485731125,1000
400,-40.045606320557724,4417.821200251579,1000
401,-90.87785291573836,3372.3652337789536,1000
402,-83.08035835076325,3076.306144475937,1000
403,-49.732284641316824,3323.0578632354736,1000
404,-58.82913457242391,3907.2615456581116,1000
405,-66.02457436835722,3284.7481808662415,1000
406,-78.0522222554914,2637.0586013793945,1000
407,-94.94532866644816,3970.6257634162903,1000
408,-80.30927308727784,2176.4968671798706,1000
409,-113.56595195178637,2532.719390273094,1000
410,-82.60500603131057,2987.719967007637,1000
411,-34.31228683012538,1679.3421490192413,1000
412,-49.50715731634274,1702.0569412708282,1000
413,-82.22641862598275,2676.4862039089203,1000
414,-109.68473723465024,2050.7093867063522,1000
415,-48.55186031087244,2131.382244169712,1000
416,-82.78647600699509,1822.0895943045616,1000
417,-61.089311028609615,1359.3061460256577,1000
418,-67.00388762317888,1305.2445349693298,1000
419,-57.36325634705409,1335.3981566429138,1000
420,-96.77613852883336,1274.3320920467377,1000
421,-71.52214431726212,1317.0099147558212,1000
422,-121.67632130798235,1290.7169780731201,1000
423,-114.7091126394743,1281.179040670395,1000
424,-42.00717896850297,1472.126805305481,1000
425,-68.6637188396197,1288.2719608545303,1000
426,-43.40586752815436,1275.1688922643661,1000
427,-95.45142022580966,1225.1837819814682,1000
428,-105.18989635017363,1224.603697836399,1000
429,-110.89378704433314,1251.7726910710335,1000
430,-82.75648943420052,1218.2682892084122,1000
431,-57.218228804339006,1209.2132227420807,1000
432,-82.67626404180383,1215.7055176496506,1000
433,-57.702824540604375,1367.2740148305893,1000
434,-41.63444985935382,1200.697036266327,1000
435,-105.3470870843357,1314.345802783966,1000
436,-53.105299610754415,1166.6748450994492,1000
437,-103.29602272086477,1174.1692286729813,1000
438,-115.53789533284719,1183.5917865037918,1000
439,-85.54509833509233,1165.0536420345306,1000
440,-96.96635096612876,1170.5395410060883,1000
441,-73.340079550742,1143.5247629880905,1000
442,-110.9585316347181,1147.3076722621918,1000
443,-118.61240525743861,1156.9901155233383,1000
444,-55.76679393250325,1156.1221718788147,1000
445,-82.05658802552391,1142.3839341402054,1000
446,-32.11376634356522,1153.6770066022873,1000
447,-97.47048508072199,1124.8599470853806,1000
448,-83.27320654939838,1091.6623821258545,1000
449,-53.15273752583302,1125.078036904335,1000
450,-96.9060291047038,1105.171521782875,1000
451,-105.64488878165508,1122.1095521450043,1000
452,-29.44624950722724,1112.3998022079468,1000
453,-48.452908120208356,1095.6105099916458,1000
454,-47.737073885075176,1068.0569688081741,1000
455,-125.96280585406664,1084.471757531166,1000
456,-113.81286305409641,1065.0699130296707,1000
457,-102.23523006224251,1064.9137973189354,1000
458,-89.34642019529214,1067.8364926576614,1000
459,-40.770672266221524,1074.8603038191795,1000
460,-86.23722242954388,1047.0241757631302,1000
461,-100.99319036803419,1061.0401186943054,1000
462,-112.89967103273646,1056.0879576206207,1000
463,-66.97250942411796,1066.888300895691,1000
464,-83.9906649039084,1046.6837676763535,1000
465,-101.75771200797374,1048.597908258438,1000
466,-120.9803154890693,1048.852236866951,1000
467,-100.69166539308883,1038.7601354122162,1000
468,-118.69908159154893,1056.7013186216354,1000
469,-132.49620735215305,1036.3859096765518,1000
470,-77.44357014373382,1048.9872572422028,1000
471,-59.5100643683493,1021.0028878450394,1000
472,-61.78573825545563,1018.2474578619003,1000
473,-109.58756271615684,1028.116416811943,1000
474,-110.47074849228245,1000.0577753782272,1000
475,-89.1805557318531,1010.4595063924789,1000
476,-70.57324569857523,1016.2237349748611,1000
477,-143.30783253094268,1001.0758905410767,1000
478,-150.95550082327637,1029.658182322979,1000
479,-109.42572055764622,971.084982573986,1000
480,-106.22378934028471,995.6402386426926,1000
481,-104.29355454728041,997.7513290643692,1000
482,-139.98764301993035,980.3630402088165,1000
483,-234.07146983129874,905.0274327993393,905
484,-126.49757366463628,1004.9026973247528,1000
485,-128.0263860765168,1496.9181032180786,1000
486,-129.25465565987744,1058.4389798641205,1000
487,-94.31666373588669,983.5397062301636,1000
488,-144.2944637532965,764.0086572766304,781
489,-75.62279380444265,1019.4684649705887,1000
490,-116.1512609868668,986.7849496603012,1000
491,-122.34539726401964,980.8695893883705,1000
492,-93.01524785551317,976.308892250061,1000
493,-213.8674880250881,971.4352335929871,951
494,-91.39289901077066,1624.188406586647,1000
495,-110.3157675590292,957.0458064079285,1000
496,-65.71824510611295,992.882185459137,1000
497,-150.73183828171204,1254.7485239505768,1000
498,-111.08083683970565,1507.9386707544327,1000
499,-149.2386661610449,968.4124742746353,1000
500,-87.05450651689189,950.7128680944443,1000
501,-141.9483273031027,976.9237971305847,1000
502,-188.59656228343533,1159.5466458797455,922
503,-98.90180828869637,982.1184868812561,1000
504,-104.86657601788691,2131.254590034485,1000
505,-147.86178291845465,1040.0461468696594,1000
506,-130.84373252932568,950.1588327884674,1000
507,-90.87691937683519,947.5928872823715,1000
508,-71.91903894168115,1470.6499950885773,1000
509,-41.79327952897218,974.1880552768707,1000
510,-44.47232405563436,2314.6265230178833,1000
511,-73.495470939999,1022.6104377508163,1000
512,-65.32506721810275,2020.3809456825256,1000
513,-51.310501402730004,1318.7082566022873,1000
514,-109.16762708627266,962.9790271520615,1000
515,-111.93294663075251,1434.2571711540222,1000
516,-99.61765389533893,1403.3484758138657,1000
517,-114.81806324366727,1321.1294748783112,1000
518,-126.69206219486917,1031.0450446605682,1000
519,-53.75110315782518,2413.141783475876,1000
520,-62.81764744086816,1168.2618186473846,1000
521,-56.78119444228561,1404.1495416164398,1000
522,-82.20418474688087,874.8858387470245,1000
523,-130.42797855757095,887.957834482193,1000
524,-121.81057727733806,886.1858537197113,1000
525,-102.93385712216708,1112.673381447792,1000
526,-99.84487653791217,911.7687131166458,1000
527,-115.65803468769822,1102.1407219171524,1000
528,-100.0177032334387,1399.023959159851,1000
529,-75.91355094742305,1107.93521296978,1000
530,-115.28699696064416,1587.973801612854,1000
531,-57.1331844376223,1335.596582531929,1000
532,-112.75585315172371,1084.726147532463,1000
533,-48.25481528400729,815.7595739364624,1000
534,-74.2471544525195,828.8908758163452,1000
535,-107.56079524052795,833.2837837934494,1000
536,-68.46113871750744,853.9218455553055,1000
537,-70.27194734904724,813.0534082651138,1000
538,-105.84529554522145,788.6053446531296,1000
539,-96.5637673720196,842.2962577342987,1000
540,-83.40920670068682,1487.0962747335434,1000
541,-42.66321518703519,1012.3627549409866,1000
542,-115.56080162141535,1168.8914827108383,1000
543,-99.80067398447748,852.6423507928848,1000
544,-92.56954014595514,808.8293926715851,1000
545,-43.72045991606083,1492.528338432312,1000
546,-103.07968117138381,779.6692547798157,1000
547,-54.3965501925156,769.3233568668365,1000
548,-59.59958834204123,742.2841531038284,1000
549,-116.35077438310341,1139.1507165431976,1000
550,-6.467835891645077,1124.6688034534454,1000
551,3.3732558285050445,1316.1172496080399,1000
552,-20.36072041238955,2250.280401825905,1000
553,-100.82535513014251,1139.4564385414124,1000
554,-26.30357063305231,1335.6457988023758,1000
555,-101.18985097729137,721.1597706079483,1000
556,-21.91392606564053,1143.261463880539,1000
557,-8.394021148318132,1160.1890219449997,1000
558,-38.43059735399945,718.7963588237762,1000
559,-63.38209003475883,2208.8184537887573,1000
560,-32.29144097818345,714.2010954618454,1000
561,-93.79350049150742,713.8364602327347,1000
562,-97.57101396810249,701.2839443683624,1000
563,-110.23903206270377,1314.0371311903,1000
564,-79.09868948357735,706.4584773778915,1000
565,-79.27565573991059,1251.7749271392822,1000
566,-101.12208432616568,729.9171957969666,1000
567,-21.61160947687065,690.7971972227097,1000
568,-97.55437094188716,685.3458505868912,1000
569,-29.189199033728126,720.57641685009,1000
570,-58.55375993138139,1100.7912439107895,1000
571,-99.59260063741513,688.5928881168365,1000
572,-117.96531137822818,660.7244863510132,1000
573,-98.86944000244218,658.9066540002823,1000
574,-45.746797562261435,1104.975106716156,1000
575,-107.77529101441775,651.7725270986557,1000
576,-65.19187460888546,1269.1743828058243,1000
577,-62.610902858385,666.7417709827423,1000
578,-80.65214829510887,1858.4398933649063,1000
579,-25.311092384072435,1094.5049967765808,1000
580,-81.68500465151551,651.9535149335861,1000
581,-62.333167546598396,1075.6155097484589,1000
582,-10.422081731840663,635.0462828874588,1000
583,-74.96611558876457,856.324899315834,1000
584,-52.777445823193965,633.9886612892151,1000
585,-67.54653417749905,836.0351337194443,1000
586,-52.33714798643169,605.9507496356964,1000
587,-88.27861571872234,1252.1577023267746,1000
588,-59.8277919900405,1207.3604100942612,1000
589,-76.50158825561519,1248.977482676506,1000
590,-49.67147675540119,596.9306638240814,1000
591,-50.229902000746115,602.6888943910599,1000
592,-66.9277708869646,1030.151272058487,1000
593,-114.74589097429381,610.4314658641815,1000
594,-69.6678420878693,588.115017414093,1000
595,-90.25475390541291,574.3151996135712,1000
596,-89.60260876139024,585.1459066867828,1000
597,-41.32872108621147,572.124159693718,1000
598,-4.31428167221894,576.2552938461304,1000
599,-40.41549844917421,558.8406094312668,1000
600,-75.56001043946638,575.1904053688049,1000
601,22.15596670819517,570.3580808639526,1000
602,8.908808116980719,570.5755072832108,1000
603,9.667709740731324,595.7114045619965,1000
604,25.712571350834086,559.6250284910202,1000
605,-99.67989993056415,553.7282392978668,1000
606,-11.23285718426181,554.8430730104446,1000
607,5.468536545874705,557.4945570230484,1000
608,-83.14270673641886,567.5548609495163,1000
609,-80.32591949483897,545.2743730545044,1000
610,-7.9596541681611646,558.1595939397812,1000
611,-9.724330718004133,552.4778082370758,1000
612,-102.63014830871447,544.5285130739212,1000
613,-111.43901777239158,565.7411419153214,1000
614,-56.278905403680874,517.500359416008,1000
615,-53.55502775271921,514.1670281887054,1000
616,-102.75323784996807,531.1655348539352,1000
617,14.401929115936788,521.5831456184387,1000
618,-93.56691150317378,538.6766169071198,1000
619,-95.88894036169424,539.4845250844955,1000
620,-38.19125015026164,519.2376688718796,1000
621,-110.85655287347781,74.66410255432129,154
622,-67.25455776988245,513.1629935503006,1000
623,-107.30055209862412,510.30909138917923,1000
624,-48.01338201576294,508.637732565403,1000
625,-99.93272646994592,544.3234205245972,1000
626,-54.689681626615176,514.900442302227,1000
627,-6.319125859684782,518.182786822319,1000
628,-4.5163561849910945,523.3426798582077,1000
629,-71.97593495371795,349.08479630947113,655
630,-88.15345415481202,514.5835359096527,1000
631,-26.89054872255363,1370.0985478758812,1000
632,-100.68119972756216,480.64561545848846,1000
633,-9.118389826255182,618.0577963590622,1000
634,-70.0176703210165,507.83112317323685,1000
635,-91.44533193759176,472.9383507966995,1000
636,-75.42741162861552,488.7916838526726,1000
637,16.61123730988916,467.0412362217903,1000
638,11.688588728966618,1333.6555753946304,1000
639,-95.01358571128011,470.2346139848232,1000
640,-121.0235571184907,568.6603561937809,1000
641,-75.8862667863102,513.075509428978,1000
642,-84.33710568152188,636.1881003379822,1000
643,-86.4683175141725,563.6347690224648,1000
644,-91.72715260995089,464.6291118860245,1000
645,-53.63394831529449,455.3351775109768,1000
646,-76.28082280552086,468.00369694828987,1000
647,-0.22051003169775485,465.6640327870846,1000
648,-21.303386339331492,1271.6110343039036,1000
649,4.67771975269097,527.7052771449089,1000
650,-18.397586843147486,522.7118120789528,1000
651,-11.852358472096439,464.56858119368553,1000
652,18.765687048401272,451.29754653573036,1000
653,-142.20136727074043,133.1713306903839,290
654,-73.58018227757134,482.6518916487694,1000
655,-46.120025388563974,534.4934358596802,1000
656,-1.5322425173086498,542.8196304142475,1000
657,3.611836619168918,489.67552733421326,1000
658,-75.58423948172413,451.6015739440918,1000
659,14.492578184798905,473.12958762049675,1000
660,-47.73882101740889,491.607108682394,1000
661,-59.169325731217775,461.29276394844055,1000
662,-81.2121415602541,451.8310733139515,1000
663,2.363724051023671,478.7738862335682,1000
664,-16.486079109942114,475.92541268467903,1000
665,-14.470748459448695,1190.8437923192978,1000
666,-54.8753591895119,1029.5053288638592,1000
667,-22.05038751750874,101.29203221201897,217
668,-49.02033506301838,475.8460062146187,1000
669,-3.5139755006497024,1302.8546007275581,1000
670,-4.607680900857834,491.2226622104645,1000
671,-84.71203937160016,114.25537312030792,215
672,-81.14856151372139,1675.8403879702091,1000
673,-23.333350380878958,470.66192331910133,1000
674,-51.09645174444001,504.4492054283619,1000
675,-79.5881075768529,693.5615223348141,1000
676,0.9969918420871231,479.1308870911598,1000
677,-16.592871679085086,1264.9428318738937,1000
678,-69.70533828625628,484.2850605249405,1000
679,-23.92109891701268,586.9771866798401,1000
680,-61.679810151290255,653.7168638110161,1000
681,-17.36405857272359,1328.5961632728577,1000
682,-41.54797375747152,471.2792300581932,1000
683,4.643846261880863,2345.689651429653,1000
684,-88.74530300125221,555.8266705274582,1000
685,-74.63030420357856,660.8461891114712,1000
686,-52.05210395310923,508.4558451473713,1000
687,-6.46507049357576,461.54197067022324,1000
688,-7.008551134192327,458.2239634990692,1000
689,-123.94477649886207,121.5727561712265,293
690,-64.78410517178396,501.7913829088211,1000
691,-1.523176260716964,745.6014177203178,1000
692,-46.859839804137664,1060.3292698264122,1000
693,-48.10530444753664,557.0659331083298,1000
694,-42.82710310076933,1062.117853462696,1000
695,-3.1179436552507376,618.5331074595451,1000
696,-16.09027400510157,636.2487198710442,1000
697,-23.19257259185912,82.4983491897583,196
698,-28.1427585591796,1628.3811695575714,1000
699,-49.99478869089193,581.3382425904274,1000
700,15.769618485592872,1026.2179542779922,1000
701,-2.6082303353276917,455.52927565574646,1000
702,-58.0383203783989,1911.8904052376747,1000
703,5.691865067808891,1256.651965200901,1000
704,-69.51193444835054,1046.455605328083,1000
705,-70.67778785141743,1258.7077627778053,1000
706,-54.8517883303679,508.2882922887802,1000
707,-41.07522717989491,594.1557361483574,1000
708,-5.1669630492112075,509.896974503994,1000
709,-59.14345828638528,594.0381952524185,1000
710,-18.22160330067235,431.8846011161804,1000
711,-45.875951439541836,1776.0803282856941,1000
712,-12.525056599431077,446.996221780777,1000
713,-12.737544347383727,452.9745786190033,1000
714,0.4281256161385812,442.5095137953758,1000
715,-10.513664678014724,1680.1280949115753,1000
716,-78.77786914779372,949.9786592125893,1000
717,-23.41202268480798,997.5243476629257,1000
718,2.8773535062809863,1243.5905861258507,1000
719,8.91875460371903,987.2616311311722,1000
720,-52.43281094426562,999.9216331243515,1000
721,-58.49804002304063,649.8764550685883,1000
722,-29.533778131143126,590.0171411633492,1000
723,-12.268323229605167,476.2965484857559,1000
724,-50.72504552873175,585.7294607758522,1000
725,-45.93777956327507,468.7285794019699,1000
726,22.843222528817314,1170.8735111951828,1000
727,-8.290571720163525,1540.4264941215515,1000
728,219.08637760146522,94.59682285785675,202
729,-29.363557700762666,529.390528857708,1000
730,26.17877598282292,499.215983748436,1000
731,6.748640431248444,582.9846212863922,1000
732,3.87865246076736,693.7389516830444,1000
733,12.091656834431362,1603.555891573429,1000
734,-24.347519236316597,1098.5911357402802,1000
735,-8.326306057288285,499.2801031470299,1000
736,5.454190447751856,450.42422181367874,1000
737,25.748448252432585,551.231902718544,1000
738,-67.17799310488873,503.3552526831627,1000
739,15.464348892801503,459.32154482603073,1000
740,-47.40419341692389,471.7625803947449,1000
741,-2.2359219367276166,485.9062252640724,1000
742,-45.32252038261513,506.87635642290115,1000
743,-35.44884819360991,1034.4051182866096,1000
744,-18.776253984679553,1520.883060991764,1000
745,-9.65398322789924,502.7002718448639,1000
746,-47.18388046387764,466.91671335697174,1000
747,-33.87252031142478,1069.7861473560333,1000
748,-11.674946260312895,476.26761078834534,1000
749,-52.33641246635516,565.8136715292931,1000
750,-22.7700132505871,580.0691872835159,1000
751,-6.747081255488216,1053.7081723809242,1000
752,-36.26339327645262,504.4164514541626,1000
753,-16.11109583291316,470.31985342502594,1000
754,-17.204508313636225,589.9750778079033,1000
755,-51.68165639501808,468.81973522901535,1000
756,-25.572379661992468,1683.7983929514885,1000
757,-6.555751260529896,453.4107350707054,1000
758,2.4971152465740376,1448.1066825389862,1000
759,14.355623562437229,475.5482007265091,1000
760,-27.225275208201403,1117.066654920578,1000
761,-11.32968213513091,489.7504543662071,1000
762,-1.819356472444341,443.3850622177124,1000
763,-15.003242248411542,1038.5333505272865,1000
764,-9.938055830824307,441.84659081697464,1000
765,-20.88005502744793,1047.2889939546585,1000
766,4.455511464736051,1416.8376641869545,1000
767,273.1544763110547,153.88251692056656,220
768,-51.929853530657276,579.0630669593811,1000
769,17.415567546127917,556.7276898622513,1000
770,11.068803092124924,496.7078140974045,1000
771,-20.467734673003026,1335.5199574828148,1000
772,-28.320131178483276,543.969397008419,1000
773,-37.30969236813765,2803.9898416996,1000
774,11.349728054601467,536.8360882401466,1000
775,-9.638040500489776,463.42538690567017,1000
776,-13.198394215743953,1728.1590879559517,1000
777,14.442793995378473,1662.6144416928291,1000
778,-34.51803336158736,1875.6787922978401,1000
779,-31.490376773823854,1314.7433102726936,1000
780,-14.01050397913957,494.7306610941887,1000
781,-8.781870948722922,1468.0532519221306,1000
782,-15.319140034686049,2594.577108502388,1000
783,-20.65750552204359,1052.7101315259933,1000
784,-39.096062422269746,510.4251872897148,1000
785,-3.4749667910756257,589.5637748837471,1000
786,12.084348827917156,1170.7060796022415,1000
787,24.646659692831857,621.5824792385101,1000
788,-4.377625968421883,543.6658551692963,1000
789,-49.80659236972308,577.8076014518738,1000
790,-11.17973954664944,541.5439288020134,1000
791,0.9333521201749326,556.656378865242,1000
792,-10.05109667833808,473.07103538513184,1000
793,-35.74157529170751,523.7686645388603,1000
794,-29.715146631963524,578.7940766811371,1000
795,-0.2897606970804478,492.8236451148987,1000
796,-16.00396027447539,477.8605388402939,1000
797,17.634130583758985,592.3679476380348,1000
798,-51.334582926957594,530.8495177030563,1000
799,13.785366198476428,483.28806883096695,1000
800,-17.943968295759156,553.3670238256454,1000
801,-39.628698383110475,469.6214727163315,1000
802,9.282249457714926,565.7068316936493,1000
803,-49.42777888796949,598.1311518549919,1000
804,-32.944533046874184,486.7922738790512,1000
805,-2.9634717648927955,465.0450317263603,1000
806,-5.272057815210155,585.7374801635742,1000
807,-11.980798149479632,526.9418645501137,1000
808,8.94345980560569,527.5597517490387,1000
809,-43.43381603794175,518.3312326073647,1000
810,4.0954458902857604,512.0840362906456,1000
811,-9.010637233815569,575.7412741184235,1000
812,-13.011845101780814,522.3862643241882,1000
813,-41.3349096246378,1430.1444773077965,1000
814,-10.607518164699915,1168.9423997998238,1000
815,-20.537952232271138,1087.0926602482796,1000
816,-51.840630303274416,533.9313661456108,1000
817,21.998412601406866,568.4313222169876,1000
818,-0.49042334895365514,1420.6956389546394,1000
819,-26.68953244144684,2069.2161231040955,1000
820,-0.23205136910463653,559.6124395132065,1000
821,9.38884391548589,1235.7132858633995,1000
822,-4.845274919663994,1152.4250480532646,1000
823,-9.706787815176815,476.0762289762497,1000
824,-20.18512900366233,561.5483165085316,1000
825,-30.717448343543023,460.45035752654076,1000
826,8.179293851165731,517.698186814785,1000
827,-39.311472131224,471.2271338105202,1000
828,-33.20965075616575,445.2887172102928,1000
829,-6.277004945748377,627.9994610249996,1000
830,-4.4096305523576085,479.4491764008999,1000
831,-51.37909450022589,442.0964356660843,1000
832,-15.040670793197629,426.1031540632248,1000
833,-26.00709688187904,462.4909870028496,1000
834,-75.74733985003712,158.21860724687576,391
835,-48.84808175208812,133.17865508794785,249
836,-16.790732019158522,581.6587527990341,1000
837,-11.14482263282845,698.8769968152046,1000
838,-25.030340641796325,481.8277577161789,1000
839,-5.113666982050504,496.4551379084587,1000
840,228.86511125967434,174.92210412025452,320
841,-20.028963012524603,1204.4275183677673,1000
842,13.158481764952086,962.4816532731056,1000
843,-17.590389972970964,1418.0623282790184,1000
844,-8.04937998092852,2095.6992569565773,1000
845,1.6811814265261347,820.6459073424339,1000
846,278.69836315267355,218.34597450494766,354
847,5.765744027914014,1356.8266890645027,1000
848,216.26463654668822,590.703566133976,376
849,9.500108010219972,1518.790182352066,1000
850,-53.61041078567096,1033.9688631296158,1000
851,-39.477145130571,788.6690158843994,1000
852,-15.376828082419411,784.8876023888588,1000
853,4.631606055963412,1230.756820499897,1000
854,-60.71186850739958,1601.7296995520592,1000
855,-22.160362780655852,783.6836391091347,1000
856,10.058923644744317,1486.228268802166,1000
857,12.842796120533762,560.3939743638039,1000
858,-6.49853241336445,635.1589163541794,1000
859,5.169447206891244,628.8930127620697,1000
860,-44.97662811068096,1208.3931041955948,1000
861,12.984685480285462,649.673724770546,1000
862,-22.461586061425105,2969.1987015008926,1000
863,-1.0196985630276947,1433.4054738879204,1000
864,-45.44169759197671,636.5579277873039,1000
865,0.6626038178331353,557.5808029174805,1000
866,-0.13830358107014518,2132.196897685528,1000
867,-18.47610622791904,991.7348204255104,1000
868,-32.53813053080488,1290.8122926950455,1000
869,-8.09323622489637,785.3253956437111,1000
870,-23.950791649017017,583.734028339386,1000
871,22.093242409594346,1161.4991540312767,1000
872,-7.41926318565698,1110.439314186573,1000
873,-34.7026401486492,1078.2980318665504,1000
874,-31.31996183016456,734.4035829305649,1000
875,-18.82731719426663,599.6927592754364,1000
876,-9.350413939909162,1265.0848727822304,1000
877,-13.770758193785781,1165.7715917825699,1000
878,-44.09226380185187,645.7277466058731,1000
879,-20.534087921642012,689.1905505657196,1000
880,-4.827830000645057,663.0219169855118,1000
881,7.696850665605003,1318.3901193141937,1000
882,-8.498820704147757,567.10297113657,1000
883,-51.7619948015842,507.819825053215,1000
884,7.426960254319659,1830.7858693003654,1000
885,-11.673046428569586,726.819251537323,1000
886,-16.541737370352795,473.5226550102234,1000
887,-10.740272765367088,747.3212029337883,1000
888,6.457212282077338,647.3811880946159,1000
889,-34.57172092407191,1083.3270776867867,1000
890,-31.303257578842395,1010.6587275266647,1000
891,-25.019744873858766,982.281732082367,1000
892,-6.950747229719115,698.3377101421356,1000
893,-31.566344681525493,1332.5301928520203,1000
894,-33.00014042221138,1056.769544005394,1000
895,-9.76189649884946,520.2863684296608,1000
896,-21.890720439743298,2127.311884224415,1000
897,-29.472750066012512,567.2253841757774,1000
898,-31.478121041856923,580.5236708521843,1000
899,-6.903392868802636,541.1951835751534,1000
900,-24.882945246750015,1105.0468274950981,1000
901,-47.05988419542291,642.0144348740578,1000
902,4.015679089401804,652.7620133757591,1000
903,-25.84955479775981,1995.865646481514,1000
904,-7.852869708569779,1212.1367644667625,1000
905,-53.28961324164924,1908.0495883226395,1000
906,-3.849255048938984,623.4055973887444,1000
907,1.7584418156342816,1745.2748175263405,1000
908,-42.7640094679697,580.2659879922867,1000
909,-5.962336407462744,732.6015818715096,1000
910,-27.414424540072904,991.8161802887917,1000
911,-1.946532893476457,631.7144495844841,1000
912,18.18417926729849,1094.2332136034966,1000
913,-7.904998322812083,658.7979326844215,1000
914,0.13199511405148284,1088.1125248670578,1000
915,-40.33662847615976,1259.7993952035904,1000
916,-17.25642375899356,1198.373440861702,1000
917,-16.0643561157312,862.7098757624626,1000
918,-8.319047513572123,1205.886441707611,1000
919,-3.9953708931213967,942.3302333950996,1000
920,-20.58589072859645,1763.157065153122,1000
921,12.455044194851675,792.1057658791542,1000
922,-28.455916223311103,911.8555703759193,1000
923,-308.37835020774094,280.9985311627388,445
924,8.857315925776259,1377.84650182724,1000
925,-39.194173545061645,1654.619065284729,1000
926,-53.92362164287754,1465.3909812569618,1000
927,195.9412877976547,790.8120575547218,647
928,11.572383920437282,1017.7992569208145,1000
929,-31.764765783203714,738.0986084938049,1000
930,-37.12677129919571,1124.9478695392609,1000
931,-2.6412853227385797,867.8538863658905,1000
932,18.333632240942013,681.211841583252,1000
933,8.916041930878023,750.0462893843651,1000
934,-131.05086851361827,1057.5934001207352,824
935,-10.971757514927122,1564.3368142843246,1000
936,-29.869027032078286,1822.3852799534798,1000
937,-23.211054602257228,1610.891638815403,1000
938,-1.4077593389178402,897.310135781765,1000
939,-20.42919826474491,714.4600468873978,1000
940,-31.851466093922202,826.6323311924934,1000
941,-47.20955999929228,896.7208969593048,1000
942,-47.62744537318773,924.6366750597954,1000
943,195.31827781881367,723.6230243444443,230
944,6.59958455404174,1256.789016187191,1000
945,16.473455467660028,1315.2154390215874,1000
946,2.4895862641328383,1306.024262368679,1000
947,-66.48856643243212,2708.049008309841,1000
948,-22.782037240021726,1020.005823135376,1000
949,155.68021996403317,2192.3722135424614,882
950,133.58374873158039,1097.2205227017403,813
951,-51.51571413843703,516.8544235229492,460
952,-39.935132910994234,1059.1345202624798,1000
953,-36.741862768982095,1128.5270420014858,1000
954,-34.501943865170716,702.0428934693336,1000
955,-36.81640953670505,697.3413795232773,1000
956,-61.4255387644922,1304.780817002058,1000
957,-61.497332485201326,1055.8982230722904,1000
958,-5.662044091254303,1005.4485530853271,1000
959,18.816420234528444,1487.7895844578743,1000
960,-48.54464042164983,244.69892746210098,160
961,-24.043750569253596,2512.0779368281364,1000
962,-3.6530611795281107,1100.996653676033,1000
963,-41.44693496287829,864.1196077466011,1000
964,-38.1615283758662,1813.2883653640747,1000
965,-69.41312703282797,994.476004421711,1000
966,-26.66085461383179,1717.2530481815338,1000
967,-37.44874117708212,1602.1072290539742,1000
968,-34.66665264064052,1471.5348910689354,1000
969,-40.69868388222691,1493.694448709488,1000
970,185.91135664300845,1084.3608767390251,677
971,-51.63329238709346,1015.956710100174,1000
972,-64.76973079174525,287.42875999212265,326
973,-53.11494327871216,1203.6310854554176,1000
974,-27.78831549547105,2013.9734670519829,1000
975,-45.155767731143285,95.81104934215546,174
976,-45.89164847594872,771.5518619418144,1000
977,-13.099211207477264,1455.5943357944489,1000
978,-10.167655844014265,1189.7436904907227,1000
979,-18.377100865319605,2635.2204300761223,1000
980,159.4645571672103,1109.480918288231,528
981,-39.119053297661154,1012.2871660590172,1000
982,-30.032917153905238,1473.5628998875618,1000
983,-104.19415139158401,1444.35947149992,1000
984,-63.31945387759893,1639.2142973542213,1000
985,-51.59766132353667,2891.1899377703667,1000
986,-29.50984576768576,433.2694573402405,246
987,9.079965192356202,2385.111797094345,1000
988,-49.76298196929336,844.578223824501,1000
989,-72.59882477735022,1364.353168964386,1000
990,-51.92512306004946,363.5813250541687,280
991,-15.469004203256777,1707.9769930839539,1000
992,-33.432921309681106,2354.0516827106476,1000
993,3.158971001692047,1245.7830924391747,1000
994,-29.910180029312052,3693.8941902518272,1000
995,-9.905467955339782,1659.3792233467102,1000
996,17.363178654634577,3387.25835108757,1000
997,-48.37919448339258,2721.7172068953514,1000
998,-71.61966960186292,1174.8881444334984,1000
999,-101.25601776255895,1578.3805190324783,1000
1000,21.67605991191899,2377.093612074852,1000
1001,210.16977796921935,266.4207739830017,280
1002,35.517311026892685,3013.5564815998077,1000
1003,-136.37803260310562,1060.54136967659,346
1004,15.081398364271786,2145.3703390955925,1000
1005,-71.69114769079707,2205.637597680092,1000
1006,-184.10610735933494,1218.3759260177612,869
1007,-82.98649437399229,4964.45479118824,1000
1008,37.396757126441976,1711.8641079068184,1000
1009,-128.56860920158167,2080.337826550007,1000
1010,-70.39153085492612,2065.3372173905373,1000
1011,-121.01986384070281,2245.041240632534,1000
1012,-78.02711921635658,1874.9013551175594,1000
1013,-110.49424402368065,2324.3661290109158,1000
1014,-29.13163561820853,1838.9263107776642,1000
1015,-103.12950879231546,1258.8956822156906,1000
1016,-47.31217999550398,2181.0999311208725,1000
1017,-34.80157303475042,2598.72261852026,1000
1018,-76.61397302734684,2917.015266120434,1000
1019,-4.527462590803791,1485.026961028576,1000
1020,-34.992750289185565,3966.924188822508,1000
1021,130.59281166046333,2677.0087249577045,776
1022,-110.44096473281395,980.5753881931305,542
1023,-14.03593476163084,1765.5384713411331,1000
1024,-43.71163710155185,2173.9694907069206,1000
1025,-123.98503981816859,2092.7034789919853,1000
1026,51.17100716558252,3291.699811697006,943
1027,-121.94143166778032,2391.946179628372,1000
1028,-55.52279205749284,2494.941985964775,1000
1029,123.14429371362684,1576.6611634492874,613
1030,-61.03033757133304,2762.9837393164635,1000
1031,157.27658644709663,2900.031732439995,938
1032,-38.82852300144603,2751.2978131473064,1000
1033,-78.12915640153595,2292.2093475162983,1000
1034,-129.28693073487173,2031.4643229842186,1000
1035,-30.096341980700245,2920.8398426175117,1000
1036,8.489240164646302,1858.1566152572632,1000
1037,-36.97220360274727,2878.5349513292313,1000
1038,-62.78776857198719,2552.3864884376526,1000
1039,-68.9523259673346,1997.5642216205597,1000
1040,-82.52088442228582,2134.477097272873,1000
1041,-73.02281253979788,2474.969914019108,1000
1042,-75.95733778515692,2511.6976729035378,1000
1043,-103.51828175517689,2644.512435734272,1000
1044,-55.33945063430015,2591.8135645985603,1000
1045,-104.74859344377606,3216.097208738327,1000
1046,-73.54879591843044,3473.873914062977,1000
1047,-68.87516590335072,2748.3169244229794,1000
1048,-40.117532762085766,2282.9695957005024,1000
1049,-114.39884926544826,4839.410182356834,1000
1050,-54.25852453552831,3041.814535200596,1000
1051,-27.276363379577706,4402.068845808506,1000
1052,-0.20926013076156402,2594.4689977169037,1000
1053,-47.17368737548465,3022.1119982004166,1000
1054,-30.658152188457315,2912.960664153099,1000
1055,-22.072623618324503,3840.4718631505966,1000
1056,0.16636143963145766,2902.9636988937855,1000
1057,-46.34697228298568,1661.441013365984,1000
1058,155.91471283727867,2181.9660245776176,880
1059,-0.015982866378242838,2644.087415635586,1000
1060,-52.067901125132366,1780.4275270700455,1000
1061,5.798390392246741,2359.9521154761314,1000
1062,-22.339533119592907,1025.9581390023232,1000
1063,-34.078476727834385,1874.7378875613213,1000
1064,-42.970623784024745,2107.761795282364,1000
1065,-13.171240886976687,2410.033878803253,1000
1066,-59.71563072252489,2274.3824936151505,1000
1067,-7.484429506147999,1905.8753568828106,1000
1068,-14.382422881118028,2597.6046054065228,1000
1069,-32.32801357670236,2681.622627258301,1000
1070,-67.96951879584923,1876.9234002232552,1000
1071,-42.22511116079627,2208.6964401602745,1000
1072,-19.0173235380487,1999.9940365552902,1000
1073,-33.326707821015894,2186.4881262779236,1000
1074,-68.51642956029117,1484.4454892277718,1000
1075,-68.08902141947618,427.69230675697327,277
1076,-28.301591442031924,2017.1913771629333,1000
1077,24.646003172162132,2129.4416543245316,1000
1078,-139.45652325222045,1482.936619400978,606
1079,-14.313224661970196,3557.285967886448,1000
1080,-72.27190716592432,3837.7444862127304,1000
1081,-22.680337036050236,2522.9778074622154,1000
1082,-14.912667558101663,2306.918643593788,1000
1083,-9.933368121727764,3003.570853769779,1000
1084,-44.53170336830107,3691.7456526756287,1000
1085,25.818730930122353,2541.401803433895,1000
1086,-40.249792620802054,1966.9803143143654,1000
1087,-7.892994392225093,1677.2778307199478,1000
1088,22.5436677446026,2009.0144264101982,1000
1089,-48.6892202591553,1451.5646020770073,1000
1090,-66.5350566082065,3386.1929191350937,1000
1091,-21.789981840371674,3670.463733434677,1000
1092,-33.376800510415414,2729.3310286402702,1000
1093,-7.560778349068255,1792.0674585700035,1000
1094,125.05155445177442,3187.5567256212234,806
1095,-27.91279935408138,1608.461906671524,1000
1096,-56.979349807006145,2019.588950753212,1000
1097,-23.996107880899434,2856.3732755184174,1000
1098,192.08918223203904,1750.4821536540985,577
1099,-23.991435445980414,1686.6501485705376,1000
1100,-23.84414455037265,1568.5891970992088,1000
1101,-13.803335465015627,917.0357275009155,1000
1102,-35.71650173609144,1246.976617604494,1000
1103,169.14788169795432,1546.4799999296665,662
1104,12.25472483088991,2718.4376199245453,1000
1105,-28.761388362002993,1557.8491905927658,1000
1106,-53.36505576677842,1431.8295726776123,1000
1107,-20.803019029013544,2569.9744478464127,1000
1108,-20.15433248622233,1663.2232257723808,1000
1109,-27.6714099376631,1213.771049886942,1000
1110,-36.767410290708476,1712.5142878592014,1000
1111,-49.14280142487162,2060.9773621559143,1000
1112,-12.113108774886172,1705.5146276056767,1000
1113,-1.350558660218658,1939.1987805366516,1000
1114,0.4218427389161017,1547.4148197770119,1000
1115,-54.52893480138414,1472.8499939143658,1000
1116,154.6187449596839,1443.0522445738316,596
1117,-25.83720609722509,1160.3646059036255,1000
1118,134.13361028797232,2502.557693898678,981
1119,-38.70381184369174,1485.507157444954,1000
1120,-70.11616165633986,2805.6447647809982,1000
1121,-113.55707815349503,1776.316152393818,840
1122,0.1262282825458394,3288.1741771698,1000
1123,11.020245561578285,2063.33818256855,1000
1124,-20.076472902427547,2503.811871945858,1000
1125,195.94008688975498,1324.4270475506783,406
1126,-0.8155863335389213,908.549407184124,1000
1127,172.3254407340531,2135.2047162652016,888
1128,-1.111283694362428,1821.5450240969658,1000
1129,-57.66080591134067,1654.6790605783463,1000
1130,-4.822794367270881,1446.788812637329,1000
1131,148.92417357188626,3174.5934651494026,904
1132,-2.1371319187166904,2228.779910504818,1000
1133,-50.763307898818645,1458.7965931296349,661
1134,-17.86925981601299,1233.1166723072529,1000
1135,-15.20051882719089,1337.7130474746227,1000
1136,-3.779455079842383,1942.475023508072,1000
1137,-25.029814306672787,1885.880279570818,1000
1138,178.12959663052283,1490.5306469202042,376
1139,-32.47661011835106,2676.072099983692,1000
1140,6.286961659369642,1275.6465713083744,1000
1141,184.41034419621434,1097.113539993763,528
1142,143.82488432033207,2693.1070616841316,914
1143,-50.405348288878834,1974.756256043911,1000
1144,-25.669361693687367,2967.0238403379917,1000
1145,7.1162869607340316,1976.121844381094,1000
1146,51.30591720658062,1596.0292768478394,1000
1147,219.7187391568593,1216.0081670284271,582
1148,-24.408935490500483,1683.8412961810827,1000
1149,-70.98225835588231,1717.6525906473398,589
1150,31.27394786227687,3024.0658156871796,1000
1151,-34.24806216542455,1685.3983340263367,1000
1152,175.9210820005415,758.6498086452484,646
1153,-11.447692994723297,927.7699400782585,296
1154,173.55287064026624,1088.8051244020462,390
1155,-13.725325723181413,2879.573055446148,1000
1156,-0.21518097482134507,1579.6536887288094,1000
1157,209.7284407946393,2253.4991014897823,599
1158,155.83345619427166,2809.3699735701084,620
1159,169.98867656185868,1943.2818556427956,694
1160,-10.931976435873327,2343.9381262362003,1000
1161,230.1983349288123,1786.5579641759396,399
1162,256.37273540252636,1223.7812458872795,427
1163,221.64624045110554,1987.3644261658192,580
1164,240.10667023097696,2928.3478119671345,495
1165,-46.132330450807466,3566.5565388202667,1000
1166,237.58876683185852,1492.0504427552223,425
1167,163.53283509570576,3790.8042290210724,634
1168,-45.7458143051601,5751.789609700441,1000
1169,156.97895560291207,4028.79234200716,708
1170,201.04479021234653,2987.8129094541073,707
1171,199.5463649900679,2647.5873042941093,696
1172,126.2037867753627,3203.6260326504707,985
1173,-27.42626895283478,4561.871836841106,1000
1174,223.30305551917934,2016.946957796812,648
1175,151.7294845506339,3773.4562093913555,925
1176,258.67391670127466,2054.0053176879883,402
1177,243.0809615332857,2279.7381534576416,566
1178,241.69795892738148,1431.1942321062088,441
1179,246.16739005937518,1684.9822348356247,445
1180,11.317588522353173,2767.0212281942368,1000
1181,124.98770821160954,2187.559932231903,812
1182,110.04748037909481,2165.113622188568,875
1183,-86.43526450629322,1603.331425011158,422
1184,129.04278379646067,4949.345116019249,978
1185,31.723693080095803,4053.319881916046,1000
1186,-54.10951576768252,5008.809736907482,1000
1187,172.97680745154236,4008.0552803874016,835
1188,-52.69930351676155,4453.920188724995,1000
1189,15.136230194674198,3967.0518589019775,1000
1190,28.420246310334147,2860.1402329802513,1000
1191,164.64426695158977,3927.9618281126022,668
1192,197.81592503913868,2126.4290816783905,389
1193,157.3649467510132,3441.4822108745575,845
1194,-61.97858255046762,2047.3661070168018,607
1195,241.60968226185108,880.3015605211258,366
1196,227.8195581563977,1622.9589039385319,447
1197,198.8703538072811,2969.832718372345,525
1198,151.44642594773018,1826.2239719629288,669
1199,116.0784750917488,4080.7791705727577,802
1200,154.67019304836066,4997.0656688809395,839
1201,4.300563694125342,6111.238517343998,1000
1202,155.14207827521238,5014.463244438171,911
1203,-47.759695114177966,5951.530025422573,1000
1204,-30.689796667615216,8966.82753354311,1000
1205,129.88041030500852,4918.268229484558,921
1206,17.101819798255875,4043.3468732833862,1000
1207,167.4799382206989,3963.347971200943,655
1208,197.4178326211578,3779.0953045785427,647
1209,200.5823803566591,3435.652421861887,547
1210,181.22304710190255,1812.0618440508842,659
1211,136.08229446679388,6504.301078975201,861
1212,187.0655489015914,4127.31949275732,696
1213,251.35658476769126,2618.450689136982,457
1214,197.2666785673994,6245.8904576301575,710
1215,-64.37903383762604,1678.4578005075455,389
1216,-15.900985179056446,6418.563681960106,1000
1217,3.9388949201090577,3694.600747048855,1000
1218,179.6241438549928,4844.012146353722,814
1219,157.79190061753636,3708.0108628869057,734
1220,143.26234670441767,3688.5417888760567,869
1221,25.254387530317437,6269.907327979803,1000
1222,183.15317243568992,2828.0391913950443,728
1223,255.33793531289936,1962.515402495861,392
1224,197.62843836428902,2872.216872513294,611
1225,171.43025202645936,4001.74539321661,926
1226,176.14928072428796,4549.812017977238,764
1227,-5.029000133445296,8390.34122890234,1000
1228,24.7002194524291,9245.64299595356,1000
1229,261.97568804731156,4539.97410428524,370
1230,-42.10918184532858,6562.55435615778,1000
1231,195.26005596118708,2706.8161265850067,609
1232,23.587197996685116,5574.1213592886925,1000
1233,207.77053262014994,2850.479664862156,520
1234,223.2794872903637,2490.6165549755096,540
1235,266.5448455571103,4334.523358106613,416
1236,228.88265670342474,2092.2128812670708,480
1237,170.63619848191613,3396.6209637522697,752
1238,-94.57992636039452,5845.355251789093,871
1239,207.31680931089656,1648.0822296142578,531
1240,-75.40171295303209,1845.1003366708755,302
1241,-66.55470101381562,990.2058250308037,399
1242,155.51920855480466,8905.611739039421,776
1243,149.29948102928077,5136.278982132673,971
1244,191.79210958231806,5445.027173787355,656
1245,226.46948493718378,4412.080918312073,528
1246,239.85419680299296,2535.729365825653,449
1247,40.372511315014414,7510.155360639095,1000
1248,-60.93621816270156,3839.599097430706,769
1249,231.84359240361363,3968.07980209589,455
1250,246.40855307949903,2471.376358628273,391
1251,207.62329525520593,5116.647230029106,740
1252,192.7759698744236,4309.574362456799,665
1253,236.24126934141736,2747.3932111263275,382
1254,-116.52633981723675,8055.425892293453,821
1255,177.84198629217408,3922.2420104146004,718
1256,206.8051632865523,4448.56242287159,787
1257,-3.9028372460977208,9282.991466760635,1000
1258,193.8226211527072,4203.513423502445,731
1259,223.5411459537259,6547.618057370186,691
1260,-43.17674806226215,2230.7775663137436,492
1261,141.84851856690435,6408.296613395214,806
1262,188.90753617651336,6071.231299847364,543
1263,164.48843273753596,4686.846991300583,656
1264,186.89055355393813,6312.083250135183,827
1265,208.22795793357176,3709.0385686159134,544
1266,200.6549601867369,6150.50429970026,633
1267,237.06717732886125,3895.2625059485435,518
1268,236.2265537482695,5774.445505023003,430
1269,178.83967256913198,5961.88064044714,558
1270,168.89029090158127,7645.890808463097,674
1271,227.70844318131805,3142.316732645035,431
1272,222.34887308701522,5604.740638613701,672
1273,255.66296700519644,4575.915903091431,409
1274,219.19889516461984,2562.997317790985,329
1275,234.0469287269092,5744.5780564546585,437
1276,165.0538270258404,4761.041790902615,657
1277,184.38151597618747,7742.351204395294,827
1278,218.7514784743457,4671.64274764061,658
1279,238.09797588915512,3834.649239718914,455
1280,168.889371881396,3630.969482958317,561
1281,228.41879664344546,4851.873355209827,402
1282,-70.10128936353681,2695.140490293503,325
1283,186.57671143401598,7702.179758131504,543
1284,255.36453567643892,2980.215569496155,349
1285,209.81181503692363,7550.295622825623,477
1286,-53.55424702136909,3908.9406021237373,310
1287,171.26423010472143,4088.171134531498,558
1288,262.37307173775787,2641.0476956367493,465
1289,225.51833067442075,4504.972706079483,446
1290,222.34060088939265,5112.76410138607,581
1291,236.37369999103035,6077.700415432453,475
1292,216.03460006707678,6289.850154429674,693
1293,217.08356676861013,5834.5306088626385,402
1294,-73.4444204183863,5456.107807993889,399
1295,245.6577187875626,4487.4644666314125,394
1296,180.1869593909584,6175.565647602081,774
1297,202.60226889629268,4092.7553631067276,392
1298,147.9010131331725,8751.882571876049,730
1299,226.24435814408835,4668.096929430962,424
1300,244.42391181716619,6351.181102514267,460
1301,253.52159952036084,8212.233216285706,439
1302,219.05387111528836,6539.880028128624,611
1303,98.936905175409,5908.195522069931,620
1304,243.73508636235715,4816.709563285112,511
1305,233.98665070355852,4132.164403766394,485
1306,237.96260948450882,6438.950408220291,583
1307,178.69037339590358,7030.312220215797,653
1308,235.9537982524156,5293.546114683151,440
1309,192.61901528159996,7015.557130992413,656
1310,209.87677404208023,3724.2524359226227,648
1311,256.74385801508384,4408.452018857002,422
1312,174.91278905895865,6962.609618782997,612
1313,257.1722481196539,3300.648517072201,447
1314,201.80580994085204,9341.663008749485,751
1315,177.4304934280919,7458.693856477737,956
1316,-75.0243669106694,3163.241468846798,532
1317,200.301178624285,4624.358987748623,470
1318,244.53513356849217,6323.740993857384,546
1319,184.10637740612154,7002.96784389019,673
1320,195.4650667390507,7082.322565436363,685
1321,230.8609918793649,5444.671495318413,604
1322,168.6822858842669,5036.469798922539,530
1323,-69.70508260182385,1598.808683514595,314
1324,252.67178457241573,2909.048169195652,381
1325,185.48815235960058,8072.156123578548,593
1326,251.0524260999121,6490.637266874313,544
1327,121.23935149342441,8514.93442928791,789
1328,186.72173590499648,5074.2543531656265,553
1329,-48.783812920594286,5737.318567097187,561
1330,-59.98946360445891,6607.429150223732,415
1331,220.17111268139666,4005.8138062357903,425
1332,208.9572603287639,5653.4287459254265,514
1333,198.18412070545605,6552.505545735359,558
1334,200.48939745747055,5812.336043655872,540
1335,239.5395877986164,5559.354221880436,430
1336,216.66098153178842,8119.181000947952,488
1337,223.71130058190943,6191.923923254013,560
1338,-39.23841179105359,5921.693443179131,476
1339,233.16296912802835,4913.4271466732025,563
1340,227.67036268774635,4163.899592280388,404
1341,225.10327999449692,3895.093492925167,381
1342,199.2082119119989,6508.799632281065,808
1343,230.40335493655647,4430.08843895793,510
1344,163.7967049265206,5003.461916208267,530
1345,-35.27880756100703,4961.272243499756,358
1346,180.70074368393662,10308.150668740273,797
1347,213.03943429482712,8317.494275093079,660
1348,221.70073104034148,10457.758332788944,623
1349,-30.214369366168,3762.9234461188316,368
1350,187.23938788186967,6524.7271111011505,625
1351,235.26172625065234,8304.044854283333,555
1352,222.0274533321059,5969.197054386139,566
1353,183.495020516393,5985.933084607124,476
1354,199.23055104784095,7569.627240657806,672
1355,252.3648247988,5241.186519265175,465
1356,181.94368755497894,7030.125979542732,763
1357,240.47271494207652,2784.023127555847,448
1358,222.79402959287754,4797.583709001541,451
1359,145.22589800516946,6834.017420291901,737
1360,211.03418841422263,5804.734753251076,562
1361,193.62806482780485,5959.731446444988,464
1362,240.43615037321212,4041.994210064411,406
1363,229.9458661195675,5796.118873000145,479
1364,-41.46916413477682,2239.0235381126404,324
1365,237.80299272669922,2570.9288631379604,395
1366,188.3804431314278,5721.5742764770985,457
1367,221.96994029508724,5723.066481947899,468
1368,171.67618672417163,7533.843623042107,574
1369,252.9697962478721,6362.705313563347,433
1370,-55.62409564018485,3229.553745150566,391
1371,190.12846179036964,5895.095461130142,572
1372,177.93162543740917,7639.4024802446365,783
1373,265.27491959579936,4261.248396158218,533
1374,256.7936696300509,6434.528279423714,429
1375,239.40828338215098,4114.179871201515,479
1376,238.7108952237626,4431.889356970787,420
1377,216.35519070169815,4404.171800494194,467
1378,181.5287599794296,7816.330429553986,739
1379,-29.59724468860118,7013.051242351532,638
1380,220.0202292670166,6556.236871004105,397
1381,180.2313514124263,5408.660106986761,548
1382,116.06075357386254,11807.256385654211,860
1383,244.83300067450068,4171.544806778431,471
1384,207.4374700914141,8414.528357028961,678
1385,232.980954060321,4811.801642656326,477
1386,210.67719064955986,6057.914991736412,460
1387,-48.148138243943734,4853.932967543602,383
1388,200.82645583400677,3591.3425827026367,406
1389,219.9998478930362,3229.499430179596,380
1390,111.09259073746688,6317.3215074539185,656
1391,-75.53613369431788,5440.875563621521,544
1392,-79.89067428513164,3883.409179866314,449
1393,251.59684607592615,4437.170723497868,427
1394,-46.511128755835294,6902.822931051254,475
1395,215.0011737258685,3967.34962952137,405
1396,-83.54441166776542,8879.264091044664,695
1397,151.0455717706366,5356.176155298948,535
1398,-22.26158327195938,6210.9256581664085,435
1399,-143.61762289365464,10984.761481881142,802
1400,208.06726145869058,5577.574274599552,413
1401,236.6056898465465,9910.456374406815,546
1402,-67.85353918009768,3458.927465200424,326
1403,226.72206797554884,7103.355242490768,479
1404,202.9818770419947,4841.722223639488,383
1405,216.55003382872815,6286.027348637581,388
1406,250.09458827763032,4993.900902271271,387
1407,181.5921812964125,10739.652832865715,731
1408,115.21894168962747,11397.21933656931,729
1409,-53.22502506257528,8243.96338313818,748
1410,206.4138276883574,4246.746117591858,446
1411,246.6992967188865,6721.783766031265,427
1412,223.60758025447777,12907.123190641403,840
1413,195.86082552366122,4477.096101641655,308
1414,176.66902985337856,8032.301954746246,503
1415,176.9558466052938,10705.810480356216,775
1416,206.08423097548481,4227.990022301674,362
1417,-0.664294830323314,3153.679763674736,344
1418,222.64711815428308,6933.217299699783,540
1419,221.8465949829572,6183.944709062576,521
1420,168.19365444577903,10685.481196284294,617
1421,180.36194611989902,7607.87021702528,429
1422,247.5259360630974,3245.0045018792152,471
1423,180.2594779666756,8953.353123545647,589
1424,-91.34743369286832,7704.846657991409,512
1425,224.28006040505753,5028.7694046497345,503
1426,233.8246226533481,6026.936695933342,515
1427,189.7641973588345,10999.275668144226,939
1428,228.56520017447218,5853.885273814201,478
1429,195.73864565219682,10373.051214456558,761
1430,197.2506484651641,6147.81696331501,444
1431,244.758024543037,6672.461123466492,488
1432,186.67287290571406,5865.734809398651,439
1433,260.2047538928646,5424.672279477119,461
1434,249.4341916293222,3935.663914322853,392
1435,200.19431419695383,7528.931313037872,575
1436,209.3780283089318,7785.613505125046,496
1437,222.90256830472075,6291.950076341629,594
1438,196.72054651097787,6999.6596467494965,569
1439,230.8821446415336,8052.594535708427,512
1440,237.42200771625727,5153.239470124245,402
1441,247.90001251197168,9925.43522810936,605
1442,231.84613203360573,4280.530066311359,393
1443,228.73578259883578,5697.927416265011,508
1444,229.62880824495542,5807.86181384325,482
1445,220.6470925228695,6988.001677572727,469
1446,258.0712529806817,6057.559724569321,503
1447,252.48069657477225,6978.203491568565,516
1448,221.98502117392218,6292.163995981216,489
1449,255.03537271058028,5703.540988624096,413
1450,227.7477678787082,4883.511136353016,421
1451,192.62736817634888,5730.0252677202225,417
1452,263.7330179921871,5934.747359514236,432
1453,-87.91981292117943,4124.873976111412,441
1454,94.91334337093116,13203.942754149437,1000
1455,243.9181949169445,4241.431438326836,423
1456,212.61960402186344,4402.0067402124405,473
1457,242.29814524833142,5534.106783628464,367
1458,214.30331199545964,6627.463704109192,588
1459,223.74078868678316,6067.422976493835,462
1460,189.08945907796146,5592.909418702126,431
1461,169.51082347914962,6351.22792994976,608
1462,261.81300294288235,5336.028720140457,378
1463,260.75526903174944,7059.945719718933,464
1464,229.30080481081902,8955.452867627144,517
1465,-62.06214443518286,5993.098245859146,420
1466,201.71376067195945,4171.784234881401,415
1467,219.29280974687592,7783.645534396172,517
1468,-12.499981283513335,5487.097390294075,379
1469,175.78270165487385,5464.730585694313,403
1470,-9.323072845126177,5839.360420703888,460
1471,207.48506906313037,5386.07562994957,344
1472,254.62055361187083,8441.44833433628,481
1473,-3.9339901900444545,4837.902166843414,287
1474,231.50893084202673,5051.862455129623,403
1475,211.64253426304583,5770.699787855148,400
1476,217.59396653657177,8178.878745436668,522
1477,239.15140186677476,10545.007149100304,556
1478,126.08238972341188,12366.391017973423,1000
1479,251.82711343056562,4627.258301317692,408
1480,272.608761527887,9743.946662068367,451
1481,208.47940250228515,8077.253572285175,400
1482,-77.35422330384746,4486.678270280361,363
1483,237.41713266524977,6900.376576066017,508
1484,244.70265149487813,3396.5368418693542,341
1485,229.50412826884465,6701.93884396553,482
1486,268.0866101235744,6162.1408849954605,402
1487,220.48663192054468,8799.685137152672,433
1488,262.39209171973476,4073.5791113376617,453
1489,258.44441009827835,6808.9270313978195,375
1490,258.8541605031364,6266.406317472458,438
1491,228.40394533667472,5624.430933237076,417
1492,54.467583960054135,13184.44387125969,1000
1493,225.16539418806155,8509.727771043777,765
1494,128.24700599685704,6504.879963755608,460
1495,226.2196139810489,3185.364992380142,417
1496,-32.73913928147901,7676.9969210624695,474
1497,234.65214692338293,7275.824216663837,528
1498,189.1629412081906,9280.33387440443,757
1499,-34.72938419973053,6991.448519587517,407
1500,201.02452544770915,8626.561007201672,602
1501,157.247199441485,9606.248107850552,722
1502,219.91496513417385,4379.183620333672,409
1503,227.1754890516546,5947.266342163086,458
1504,252.54416730019665,4993.996608495712,507
1505,196.01507678653127,3811.981536388397,416
1506,245.2176075595824,7620.089847922325,507
1507,263.4682214777532,5068.52038526535,430
1508,249.75440548454546,4882.731471657753,375
1509,225.08513238404913,5193.941013336182,332
1510,273.2217397637355,6628.947580933571,436
1511,216.28263819930152,7800.672159433365,469
1512,260.10054410671063,8111.860981941223,518
1513,216.01867665387962,4148.869345426559,397
1514,88.39024846327834,11197.511394381523,990
1515,201.06650564393075,5199.694307565689,549
1516,-23.012363306523497,4057.330513983965,311
1517,226.2813524148985,4999.596985429525,399
1518,236.3352898775255,4649.250136256218,371
1519,250.52195938457317,5008.971934556961,431
1520,-24.30762089074406,2912.1213158369064,281
1521,188.76757015869796,9628.413487911224,716
1522,-15.183443065331858,2872.4559412002563,345
1523,233.73771511863114,8968.199142694473,427
1524,-42.754570291533696,4576.575009346008,421
1525,244.67334418144384,5862.470380425453,465
1526,248.5805236178053,6911.308238148689,507
1527,216.42031768212274,5668.75771009922,431
1528,228.01335943164258,6481.930645227432,497
1529,242.57576221738483,7474.291774988174,456
1530,-71.87534007573942,14767.547320127487,1000
1531,238.07855032423558,4174.009458422661,291
1532,233.4650865122687,7975.08600962162,584
1533,197.82103666014132,7652.749774754047,419
1534,249.70392230833554,3005.552520573139,333
1535,238.54975036400796,5096.609360933304,431
1536,175.97247704949217,4130.201905488968,444
1537,243.6030113877732,5538.343680977821,424
1538,239.81820470529672,11578.505788743496,567
1539,273.81690965887486,4253.7232645154,396
1540,251.68238787066713,6475.755837917328,543
1541,-86.52357253605241,10270.025566101074,639
1542,243.6415501073122,5200.515412211418,473
1543,-166.8717893057036,11979.697486758232,949
1544,216.84224826493966,5382.899851441383,425
1545,255.57576595650943,6522.182043671608,435
1546,193.0738680054657,5933.705618023872,441
1547,-75.09202096997387,6472.088664531708,524
1548,224.8940201179466,8060.587199926376,567
1549,234.35954475755264,6559.292345404625,512
1550,179.80818044908068,6630.843461751938,576
1551,-21.5638296923362,3736.2474080324173,340
1552,189.39273453115845,7477.329985499382,607
1553,191.7242845431228,3583.0305222272873,368
1554,234.33034562990255,5777.804587721825,443
1555,155.85817955033139,4893.16614151001,340
1556,222.16353034329222,6240.439563035965,430
1557,6.8100919628731305,5604.055131554604,384
1558,262.04639208934907,6758.902156591415,510
1559,-3.3003699089696568,3786.4386942386627,328
1560,235.9436854856786,5174.936104655266,431
1561,183.01512061453167,11376.020863056183,673
1562,248.34635279437404,3568.6597410440445,395
1563,228.60716102524913,6121.12704372406,401
1564,-122.22049169411895,9473.64666068554,767
1565,218.00984319895517,7622.818456411362,509
1566,-37.35836233846015,15983.520798683167,1000
1567,52.60544593109212,14858.227567732334,1000
1568,262.75586095835854,5756.833019793034,388
1569,-67.60144602280444,5063.681863427162,409
1570,-29.25432799192565,4789.008022546768,418
1571,247.83246501745305,4781.521552801132,275
1572,243.27362765833107,6251.12313580513,492
1573,229.28461812428202,6975.755423784256,577
1574,234.63012364580052,4083.1184210777283,353
1575,222.7669837486173,5276.530972003937,371
1576,139.32248055782625,8706.07789182663,740
1577,224.23184534721824,8813.261413931847,572
1578,228.60227978699328,5124.330862462521,427
1579,241.58370148770837,4845.113856613636,353
1580,258.39039004341646,3683.7254559993744,357
1581,213.31694606260336,5610.470108032227,537
1582,219.90702240806303,3669.552828669548,456
1583,187.22471922943362,6234.511550426483,598
1584,-24.613021808036365,5912.422464609146,356
1585,193.8861381129417,11028.06863629818,680
1586,209.57067455397075,6119.090916156769,472
1587,224.92776716743575,5174.460536003113,501
1588,171.25735826049095,5976.8109213113785,580
1589,238.17047710743483,5670.596236467361,423
1590,248.62459763465358,5222.797734797001,315
1591,-17.265189787317738,4157.298380434513,334
1592,239.34897249550033,4877.311802625656,333
1593,247.58648158743355,5945.509956121445,303
1594,240.93606489020777,3339.779648900032,335
1595,249.65366890370734,5696.2444224357605,388
1596,223.7025642950819,3389.0707216262817,410
1597,204.93480879153287,7407.6421666145325,530
1598,252.4886595738435,4967.28385412693,353
1599,223.4616465178642,3166.401605784893,448
1600,-7.835544266083214,13313.71583622694,1000
1601,275.2379218999008,4241.732009530067,447
1602,196.58033122440702,4679.035813450813,540
1603,192.51980357895624,4962.177604794502,468
1604,198.16495011365748,8423.323855757713,737
1605,258.74335377200237,4892.670240998268,440
1606,244.8285259521314,7706.439563989639,456
1607,246.70028026684705,6654.259850263596,470
1608,260.4554492431689,6954.02879178524,522
1609,263.2245708182828,6065.81168448925,431
1610,235.1979310379149,5450.569380879402,467
1611,233.67299657873463,7558.278138518333,563
1612,-48.58445545528336,3809.7203829288483,475
1613,225.91004178566192,5975.054853975773,670
1614,255.5926580063435,3488.092461526394,425
1615,220.91489264068622,5541.036696910858,411
1616,249.68149572333084,4398.127379894257,382
1617,258.16998526538856,4331.686209321022,386
1618,180.43954036657863,5933.610718727112,498
1619,225.18719377188015,9133.507061362267,808
1620,250.3751449755938,3760.3624407052994,394
1621,233.56930995392702,4578.151916742325,543
1622,122.26019991635863,5258.636227488518,488
1623,262.7040767121164,4450.658458828926,388
1624,194.61577337631473,3035.4880034923553,358
1625,190.6628427451745,6270.956056833267,740
1626,215.04617141636936,7621.019379734993,538
1627,253.06424977206657,4529.703628540039,381
1628,232.26571632074234,6703.881453335285,424
1629,251.3847993971614,3634.0515080094337,374
1630,225.3309815047786,3536.8504725694656,301
1631,-33.92376690235095,4625.001378059387,480
1632,208.97943570627766,4781.750125408173,352
1633,221.23240041822788,5494.774496436119,418
1634,-47.11671962448955,2201.6943912506104,301
1635,261.8325648947889,4495.70181196928,432
1636,104.98811664116985,11229.98872512579,1000
1637,-1.8740430970614455,4876.924794912338,353
1638,262.7808275330971,4737.487914323807,369
1639,264.2205718048482,6636.967405557632,448
1640,254.20519217314526,5761.803333044052,511
1641,221.78779340779056,4655.819331407547,397
1642,219.81737552050015,3901.8427604436874,429
1643,-16.130253613975498,3403.4730536937714,379
1644,-46.31033752164859,4539.986130952835,347
1645,238.18633782236822,3848.429284930229,429
1646,230.93304102630552,2392.7677055597305,349
1647,240.58972977668498,4183.601863026619,289
1648,249.83491119908462,4152.552002668381,367
1649,268.66140973329937,5081.278886079788,384
1650,270.34137097927595,2861.1118606328964,338
1651,193.9173168040985,6411.973881483078,515
1652,194.55127368519413,5016.593700289726,466
1653,193.83379799930458,9888.68839275837,894
1654,267.230276462919,6102.429799318314,427
1655,204.5315101170724,4154.380369305611,486
1656,227.9421698710882,11760.76144194603,941
1657,248.9123862560588,5944.585841059685,399
1658,255.09099478079176,7137.706979036331,373
1659,257.7443585262936,4459.3183270692825,522
1660,265.03150824689004,5269.675851464272,390
1661,269.8727099018208,5476.680511832237,401
1662,212.80031804338205,5123.117686748505,446
1663,225.32822648864206,4037.0794625282288,438
1664,197.2842904061138,4397.262922048569,383
1665,-19.638583733320843,5718.587408423424,494
1666,250.1177449203724,3687.064860224724,328
1667,187.4843194338164,12345.542844414711,685
1668,257.30638850816797,5804.174377441406,446
1669,124.30883053821704,9806.085956454277,1000
1670,258.83606464523155,2997.4216586351395,337
